{
    "version": "3.0.0",
    "themes": [
		{
            "name": "compiled",			
            "description": "Compiled",
            "thumbnail": null,
            "preview": null,
            "css": "css/theme/default/bootstrap.css",
            "cssMin": "css/theme/default/bootstrap.min.css",
            "cssCdn": null,
            "less": [],
            "lessVariables": []
        },
        {
            "name": "Default",
            "description": "Default",
            "thumbnail": null,
            "preview": null,
            "css": "css/theme/default/bootstrap.css",
            "cssMin": "css/theme/default/bootstrap.min.css",
            "cssCdn": null,
            "less": [],
            "lessVariables": []
        }
    ]
}