[
    {
        "groupName": "Colors",
        "colors": [
            {
                "fontColor": "white",
                "name": "black",
                "hex": "#000000",
                "rgb": "rgb(0,0,0)"
            },
            {
                "fontColor": "white",
                "name": "maroon",
                "hex": "#330000",
                "rgb": "rgb(51,0,0)"
            },
            {
                "fontColor": "white",
                "name": "maroon",
                "hex": "#660000",
                "rgb": "rgb(102,0,0)"
            },
            {
                "fontColor": "white",
                "name": "darkred",
                "hex": "#990000",
                "rgb": "rgb(153,0,0)"
            },
            {
                "fontColor": "white",
                "name": "red",
                "hex": "#CC0000",
                "rgb": "rgb(204,0,0)"
            },
            {
                "fontColor": "white",
                "name": "red",
                "hex": "#FF0000",
                "rgb": "rgb(255,0,0)"
            },
            {
                "fontColor": "white",
                "name": "navy",
                "hex": "#000033",
                "rgb": "rgb(0,0,51)"
            },
            {
                "fontColor": "white",
                "name": "purple",
                "hex": "#330033",
                "rgb": "rgb(51,0,51)"
            },
            {
                "fontColor": "white",
                "name": "purple",
                "hex": "#660033",
                "rgb": "rgb(102,0,51)"
            },
            {
                "fontColor": "white",
                "name": "crimson",
                "hex": "#990033",
                "rgb": "rgb(153,0,51)"
            },
            {
                "fontColor": "white",
                "name": "crimson",
                "hex": "#CC0033",
                "rgb": "rgb(204,0,51)"
            },
            {
                "fontColor": "white",
                "name": "crimson",
                "hex": "#FF0033",
                "rgb": "rgb(255,0,51)"
            },
            {
                "fontColor": "white",
                "name": "navy",
                "hex": "#000066",
                "rgb": "rgb(0,0,102)"
            },
            {
                "fontColor": "white",
                "name": "indigo",
                "hex": "#330066",
                "rgb": "rgb(51,0,102)"
            },
            {
                "fontColor": "white",
                "name": "purple",
                "hex": "#660066",
                "rgb": "rgb(102,0,102)"
            },
            {
                "fontColor": "white",
                "name": "darkmagenta",
                "hex": "#990066",
                "rgb": "rgb(153,0,102)"
            },
            {
                "fontColor": "white",
                "name": "deeppink",
                "hex": "#CC0066",
                "rgb": "rgb(204,0,102)"
            },
            {
                "fontColor": "white",
                "name": "deeppink",
                "hex": "#FF0066",
                "rgb": "rgb(255,0,102)"
            },
            {
                "fontColor": "white",
                "name": "darkblue",
                "hex": "#000099",
                "rgb": "rgb(0,0,153)"
            },
            {
                "fontColor": "white",
                "name": "indigo",
                "hex": "#330099",
                "rgb": "rgb(51,0,153)"
            },
            {
                "fontColor": "white",
                "name": "indigo",
                "hex": "#660099",
                "rgb": "rgb(102,0,153)"
            },
            {
                "fontColor": "white",
                "name": "darkmagenta",
                "hex": "#990099",
                "rgb": "rgb(153,0,153)"
            },
            {
                "fontColor": "white",
                "name": "fuchsia",
                "hex": "#CC0099",
                "rgb": "rgb(204,0,153)"
            },
            {
                "fontColor": "white",
                "name": "deeppink",
                "hex": "#FF0099",
                "rgb": "rgb(255,0,153)"
            },
            {
                "fontColor": "white",
                "name": "mediumblue",
                "hex": "#0000CC",
                "rgb": "rgb(0,0,204)"
            },
            {
                "fontColor": "white",
                "name": "mediumblue",
                "hex": "#3300CC",
                "rgb": "rgb(51,0,204)"
            },
            {
                "fontColor": "white",
                "name": "darkviolet",
                "hex": "#6600CC",
                "rgb": "rgb(102,0,204)"
            },
            {
                "fontColor": "white",
                "name": "darkviolet",
                "hex": "#9900CC",
                "rgb": "rgb(153,0,204)"
            },
            {
                "fontColor": "white",
                "name": "fuchsia",
                "hex": "#CC00CC",
                "rgb": "rgb(204,0,204)"
            },
            {
                "fontColor": "white",
                "name": "fuchsia",
                "hex": "#FF00CC",
                "rgb": "rgb(255,0,204)"
            },
            {
                "fontColor": "white",
                "name": "blue",
                "hex": "#0000FF",
                "rgb": "rgb(0,0,255)"
            },
            {
                "fontColor": "white",
                "name": "blue",
                "hex": "#3300FF",
                "rgb": "rgb(51,0,255)"
            },
            {
                "fontColor": "white",
                "name": "darkviolet",
                "hex": "#6600FF",
                "rgb": "rgb(102,0,255)"
            },
            {
                "fontColor": "white",
                "name": "darkviolet",
                "hex": "#9900FF",
                "rgb": "rgb(153,0,255)"
            },
            {
                "fontColor": "white",
                "name": "fuchsia",
                "hex": "#CC00FF",
                "rgb": "rgb(204,0,255)"
            },
            {
                "fontColor": "white",
                "name": "fuchsia",
                "hex": "#FF00FF",
                "rgb": "rgb(255,0,255)"
            },
            {
                "fontColor": "white",
                "name": "darkgreen",
                "hex": "#003300",
                "rgb": "rgb(0,51,0)"
            },
            {
                "fontColor": "white",
                "name": "olive",
                "hex": "#333300",
                "rgb": "rgb(51,51,0)"
            },
            {
                "fontColor": "white",
                "name": "saddlebrown",
                "hex": "#663300",
                "rgb": "rgb(102,51,0)"
            },
            {
                "fontColor": "white",
                "name": "darkred",
                "hex": "#993300",
                "rgb": "rgb(153,51,0)"
            },
            {
                "fontColor": "white",
                "name": "orangered",
                "hex": "#CC3300",
                "rgb": "rgb(204,51,0)"
            },
            {
                "fontColor": "white",
                "name": "orangered",
                "hex": "#FF3300",
                "rgb": "rgb(255,51,0)"
            },
            {
                "fontColor": "white",
                "name": "teal",
                "hex": "#003333",
                "rgb": "rgb(0,51,51)"
            },
            {
                "fontColor": "white",
                "name": "black",
                "hex": "#333333",
                "rgb": "rgb(51,51,51)"
            },
            {
                "fontColor": "white",
                "name": "brown",
                "hex": "#663333",
                "rgb": "rgb(102,51,51)"
            },
            {
                "fontColor": "white",
                "name": "brown",
                "hex": "#993333",
                "rgb": "rgb(153,51,51)"
            },
            {
                "fontColor": "white",
                "name": "brown",
                "hex": "#CC3333",
                "rgb": "rgb(204,51,51)"
            },
            {
                "fontColor": "white",
                "name": "tomato",
                "hex": "#FF3333",
                "rgb": "rgb(255,51,51)"
            },
            {
                "fontColor": "white",
                "name": "navy",
                "hex": "#003366",
                "rgb": "rgb(0,51,102)"
            },
            {
                "fontColor": "white",
                "name": "darkslateblue",
                "hex": "#333366",
                "rgb": "rgb(51,51,102)"
            },
            {
                "fontColor": "white",
                "name": "darkorchid",
                "hex": "#663366",
                "rgb": "rgb(102,51,102)"
            },
            {
                "fontColor": "white",
                "name": "mediumvioletred",
                "hex": "#993366",
                "rgb": "rgb(153,51,102)"
            },
            {
                "fontColor": "white",
                "name": "palevioletred",
                "hex": "#CC3366",
                "rgb": "rgb(204,51,102)"
            },
            {
                "fontColor": "white",
                "name": "deeppink",
                "hex": "#FF3366",
                "rgb": "rgb(255,51,102)"
            },
            {
                "fontColor": "white",
                "name": "darkblue",
                "hex": "#003399",
                "rgb": "rgb(0,51,153)"
            },
            {
                "fontColor": "white",
                "name": "darkslateblue",
                "hex": "#333399",
                "rgb": "rgb(51,51,153)"
            },
            {
                "fontColor": "white",
                "name": "darkorchid",
                "hex": "#663399",
                "rgb": "rgb(102,51,153)"
            },
            {
                "fontColor": "white",
                "name": "darkorchid",
                "hex": "#993399",
                "rgb": "rgb(153,51,153)"
            },
            {
                "fontColor": "white",
                "name": "mediumvioletred",
                "hex": "#CC3399",
                "rgb": "rgb(204,51,153)"
            },
            {
                "fontColor": "white",
                "name": "deeppink",
                "hex": "#FF3399",
                "rgb": "rgb(255,51,153)"
            },
            {
                "fontColor": "white",
                "name": "mediumblue",
                "hex": "#0033CC",
                "rgb": "rgb(0,51,204)"
            },
            {
                "fontColor": "white",
                "name": "slateblue",
                "hex": "#3333CC",
                "rgb": "rgb(51,51,204)"
            },
            {
                "fontColor": "white",
                "name": "slateblue",
                "hex": "#6633CC",
                "rgb": "rgb(102,51,204)"
            },
            {
                "fontColor": "white",
                "name": "darkorchid",
                "hex": "#9933CC",
                "rgb": "rgb(153,51,204)"
            },
            {
                "fontColor": "white",
                "name": "mediumorchid",
                "hex": "#CC33CC",
                "rgb": "rgb(204,51,204)"
            },
            {
                "fontColor": "white",
                "name": "deeppink",
                "hex": "#FF33CC",
                "rgb": "rgb(255,51,204)"
            },
            {
                "fontColor": "white",
                "name": "blue",
                "hex": "#0033FF",
                "rgb": "rgb(0,51,255)"
            },
            {
                "fontColor": "white",
                "name": "blue",
                "hex": "#3333FF",
                "rgb": "rgb(51,51,255)"
            },
            {
                "fontColor": "white",
                "name": "blue",
                "hex": "#6633FF",
                "rgb": "rgb(102,51,255)"
            },
            {
                "fontColor": "white",
                "name": "blueviolet",
                "hex": "#9933FF",
                "rgb": "rgb(153,51,255)"
            },
            {
                "fontColor": "white",
                "name": "fuchsia",
                "hex": "#CC33FF",
                "rgb": "rgb(204,51,255)"
            },
            {
                "fontColor": "white",
                "name": "fuchsia",
                "hex": "#FF33FF",
                "rgb": "rgb(255,51,255)"
            },
            {
                "fontColor": "white",
                "name": "darkgreen",
                "hex": "#006600",
                "rgb": "rgb(0,102,0)"
            },
            {
                "fontColor": "white",
                "name": "darkgreen",
                "hex": "#336600",
                "rgb": "rgb(51,102,0)"
            },
            {
                "fontColor": "white",
                "name": "olive",
                "hex": "#666600",
                "rgb": "rgb(102,102,0)"
            },
            {
                "fontColor": "white",
                "name": "darkgoldenrod",
                "hex": "#996600",
                "rgb": "rgb(153,102,0)"
            },
            {
                "fontColor": "white",
                "name": "darkorange",
                "hex": "#CC6600",
                "rgb": "rgb(204,102,0)"
            },
            {
                "fontColor": "white",
                "name": "orangered",
                "hex": "#FF6600",
                "rgb": "rgb(255,102,0)"
            },
            {
                "fontColor": "white",
                "name": "darkgreen",
                "hex": "#006633",
                "rgb": "rgb(0,102,51)"
            },
            {
                "fontColor": "white",
                "name": "forestgreen",
                "hex": "#336633",
                "rgb": "rgb(51,102,51)"
            },
            {
                "fontColor": "white",
                "name": "darkolivegreen",
                "hex": "#666633",
                "rgb": "rgb(102,102,51)"
            },
            {
                "fontColor": "white",
                "name": "sienna",
                "hex": "#996633",
                "rgb": "rgb(153,102,51)"
            },
            {
                "fontColor": "white",
                "name": "peru",
                "hex": "#CC6633",
                "rgb": "rgb(204,102,51)"
            },
            {
                "fontColor": "white",
                "name": "tomato",
                "hex": "#FF6633",
                "rgb": "rgb(255,102,51)"
            },
            {
                "fontColor": "white",
                "name": "teal",
                "hex": "#006666",
                "rgb": "rgb(0,102,102)"
            },
            {
                "fontColor": "white",
                "name": "darkslategray",
                "hex": "#336666",
                "rgb": "rgb(51,102,102)"
            },
            {
                "fontColor": "white",
                "name": "dimgray",
                "hex": "#666666",
                "rgb": "rgb(102,102,102)"
            },
            {
                "fontColor": "white",
                "name": "gray",
                "hex": "#996666",
                "rgb": "rgb(153,102,102)"
            },
            {
                "fontColor": "white",
                "name": "indianred",
                "hex": "#CC6666",
                "rgb": "rgb(204,102,102)"
            },
            {
                "fontColor": "white",
                "name": "salmon",
                "hex": "#FF6666",
                "rgb": "rgb(255,102,102)"
            },
            {
                "fontColor": "white",
                "name": "darkcyan",
                "hex": "#006699",
                "rgb": "rgb(0,102,153)"
            },
            {
                "fontColor": "white",
                "name": "steelblue",
                "hex": "#336699",
                "rgb": "rgb(51,102,153)"
            },
            {
                "fontColor": "white",
                "name": "darkslateblue",
                "hex": "#666699",
                "rgb": "rgb(102,102,153)"
            },
            {
                "fontColor": "white",
                "name": "mediumorchid",
                "hex": "#996699",
                "rgb": "rgb(153,102,153)"
            },
            {
                "fontColor": "white",
                "name": "palevioletred",
                "hex": "#CC6699",
                "rgb": "rgb(204,102,153)"
            },
            {
                "fontColor": "white",
                "name": "hotpink",
                "hex": "#FF6699",
                "rgb": "rgb(255,102,153)"
            },
            {
                "fontColor": "white",
                "name": "deepskyblue",
                "hex": "#0066CC",
                "rgb": "rgb(0,102,204)"
            },
            {
                "fontColor": "white",
                "name": "royalblue",
                "hex": "#3366CC",
                "rgb": "rgb(51,102,204)"
            },
            {
                "fontColor": "white",
                "name": "slateblue",
                "hex": "#6666CC",
                "rgb": "rgb(102,102,204)"
            },
            {
                "fontColor": "white",
                "name": "mediumpurple",
                "hex": "#9966CC",
                "rgb": "rgb(153,102,204)"
            },
            {
                "fontColor": "white",
                "name": "orchid",
                "hex": "#CC66CC",
                "rgb": "rgb(204,102,204)"
            },
            {
                "fontColor": "white",
                "name": "hotpink",
                "hex": "#FF66CC",
                "rgb": "rgb(255,102,204)"
            },
            {
                "fontColor": "white",
                "name": "dodgerblue",
                "hex": "#0066FF",
                "rgb": "rgb(0,102,255)"
            },
            {
                "fontColor": "white",
                "name": "dodgerblue",
                "hex": "#3366FF",
                "rgb": "rgb(51,102,255)"
            },
            {
                "fontColor": "white",
                "name": "mediumslateblue",
                "hex": "#6666FF",
                "rgb": "rgb(102,102,255)"
            },
            {
                "fontColor": "white",
                "name": "mediumslateblue",
                "hex": "#9966FF",
                "rgb": "rgb(153,102,255)"
            },
            {
                "fontColor": "white",
                "name": "violet",
                "hex": "#CC66FF",
                "rgb": "rgb(204,102,255)"
            },
            {
                "fontColor": "white",
                "name": "violet",
                "hex": "#FF66FF",
                "rgb": "rgb(255,102,255)"
            },
            {
                "fontColor": "white",
                "name": "green",
                "hex": "#009900",
                "rgb": "rgb(0,153,0)"
            },
            {
                "fontColor": "white",
                "name": "green",
                "hex": "#339900",
                "rgb": "rgb(51,153,0)"
            },
            {
                "fontColor": "white",
                "name": "olive",
                "hex": "#669900",
                "rgb": "rgb(102,153,0)"
            },
            {
                "fontColor": "white",
                "name": "olive",
                "hex": "#999900",
                "rgb": "rgb(153,153,0)"
            },
            {
                "fontColor": "white",
                "name": "darkgoldenrod",
                "hex": "#CC9900",
                "rgb": "rgb(204,153,0)"
            },
            {
                "fontColor": "white",
                "name": "darkorange",
                "hex": "#FF9900",
                "rgb": "rgb(255,153,0)"
            },
            {
                "fontColor": "white",
                "name": "green",
                "hex": "#009933",
                "rgb": "rgb(0,153,51)"
            },
            {
                "fontColor": "white",
                "name": "forestgreen",
                "hex": "#339933",
                "rgb": "rgb(51,153,51)"
            },
            {
                "fontColor": "white",
                "name": "olivedrab",
                "hex": "#669933",
                "rgb": "rgb(102,153,51)"
            },
            {
                "fontColor": "white",
                "name": "olivedrab",
                "hex": "#999933",
                "rgb": "rgb(153,153,51)"
            },
            {
                "fontColor": "white",
                "name": "peru",
                "hex": "#CC9933",
                "rgb": "rgb(204,153,51)"
            },
            {
                "fontColor": "white",
                "name": "darkorange",
                "hex": "#FF9933",
                "rgb": "rgb(255,153,51)"
            },
            {
                "fontColor": "white",
                "name": "darkcyan",
                "hex": "#009966",
                "rgb": "rgb(0,153,102)"
            },
            {
                "fontColor": "white",
                "name": "seagreen",
                "hex": "#339966",
                "rgb": "rgb(51,153,102)"
            },
            {
                "fontColor": "white",
                "name": "darkseagreen",
                "hex": "#669966",
                "rgb": "rgb(102,153,102)"
            },
            {
                "fontColor": "white",
                "name": "darkkhaki",
                "hex": "#999966",
                "rgb": "rgb(153,153,102)"
            },
            {
                "fontColor": "white",
                "name": "peru",
                "hex": "#CC9966",
                "rgb": "rgb(204,153,102)"
            },
            {
                "fontColor": "white",
                "name": "lightsalmon",
                "hex": "#FF9966",
                "rgb": "rgb(255,153,102)"
            },
            {
                "fontColor": "white",
                "name": "darkcyan",
                "hex": "#009999",
                "rgb": "rgb(0,153,153)"
            },
            {
                "fontColor": "white",
                "name": "lightseagreen",
                "hex": "#339999",
                "rgb": "rgb(51,153,153)"
            },
            {
                "fontColor": "white",
                "name": "cadetblue",
                "hex": "#669999",
                "rgb": "rgb(102,153,153)"
            },
            {
                "fontColor": "white",
                "name": "darkgray",
                "hex": "#999999",
                "rgb": "rgb(153,153,153)"
            },
            {
                "fontColor": "white",
                "name": "rosybrown",
                "hex": "#CC9999",
                "rgb": "rgb(204,153,153)"
            },
            {
                "fontColor": "white",
                "name": "salmon",
                "hex": "#FF9999",
                "rgb": "rgb(255,153,153)"
            },
            {
                "fontColor": "white",
                "name": "darkturquoise",
                "hex": "#0099CC",
                "rgb": "rgb(0,153,204)"
            },
            {
                "fontColor": "white",
                "name": "steelblue",
                "hex": "#3399CC",
                "rgb": "rgb(51,153,204)"
            },
            {
                "fontColor": "white",
                "name": "steelblue",
                "hex": "#6699CC",
                "rgb": "rgb(102,153,204)"
            },
            {
                "fontColor": "white",
                "name": "slateblue",
                "hex": "#9999CC",
                "rgb": "rgb(153,153,204)"
            },
            {
                "fontColor": "white",
                "name": "plum",
                "hex": "#CC99CC",
                "rgb": "rgb(204,153,204)"
            },
            {
                "fontColor": "white",
                "name": "hotpink",
                "hex": "#FF99CC",
                "rgb": "rgb(255,153,204)"
            },
            {
                "fontColor": "white",
                "name": "deepskyblue",
                "hex": "#0099FF",
                "rgb": "rgb(0,153,255)"
            },
            {
                "fontColor": "white",
                "name": "dodgerblue",
                "hex": "#3399FF",
                "rgb": "rgb(51,153,255)"
            },
            {
                "fontColor": "white",
                "name": "lightskyblue",
                "hex": "#6699FF",
                "rgb": "rgb(102,153,255)"
            },
            {
                "fontColor": "white",
                "name": "ghostwhite",
                "hex": "#9999FF",
                "rgb": "rgb(153,153,255)"
            },
            {
                "fontColor": "white",
                "name": "mediumslateblue",
                "hex": "#CC99FF",
                "rgb": "rgb(204,153,255)"
            },
            {
                "fontColor": "black",
                "name": "violet",
                "hex": "#FF99FF",
                "rgb": "rgb(255,153,255)"
            },
            {
                "fontColor": "black",
                "name": "lime",
                "hex": "#00CC00",
                "rgb": "rgb(0,204,0)"
            },
            {
                "fontColor": "black",
                "name": "lawngreen",
                "hex": "#33CC00",
                "rgb": "rgb(51,204,0)"
            },
            {
                "fontColor": "black",
                "name": "lawngreen",
                "hex": "#66CC00",
                "rgb": "rgb(102,204,0)"
            },
            {
                "fontColor": "black",
                "name": "lawngreen",
                "hex": "#99CC00",
                "rgb": "rgb(153,204,0)"
            },
            {
                "fontColor": "black",
                "name": "yellow",
                "hex": "#CCCC00",
                "rgb": "rgb(204,204,0)"
            },
            {
                "fontColor": "black",
                "name": "gold",
                "hex": "#FFCC00",
                "rgb": "rgb(255,204,0)"
            },
            {
                "fontColor": "black",
                "name": "lime",
                "hex": "#00CC33",
                "rgb": "rgb(0,204,51)"
            },
            {
                "fontColor": "black",
                "name": "limegreen",
                "hex": "#33CC33",
                "rgb": "rgb(51,204,51)"
            },
            {
                "fontColor": "black",
                "name": "limegreen",
                "hex": "#66CC33",
                "rgb": "rgb(102,204,51)"
            },
            {
                "fontColor": "black",
                "name": "yellowgreen",
                "hex": "#99CC33",
                "rgb": "rgb(153,204,51)"
            },
            {
                "fontColor": "black",
                "name": "yellowgreen",
                "hex": "#CCCC33",
                "rgb": "rgb(204,204,51)"
            },
            {
                "fontColor": "black",
                "name": "gold",
                "hex": "#FFCC33",
                "rgb": "rgb(255,204,51)"
            },
            {
                "fontColor": "black",
                "name": "springgreen",
                "hex": "#00CC66",
                "rgb": "rgb(0,204,102)"
            },
            {
                "fontColor": "black",
                "name": "mediumseagreen",
                "hex": "#33CC66",
                "rgb": "rgb(51,204,102)"
            },
            {
                "fontColor": "black",
                "name": "limegreen",
                "hex": "#66CC66",
                "rgb": "rgb(102,204,102)"
            },
            {
                "fontColor": "black",
                "name": "yellowgreen",
                "hex": "#99CC66",
                "rgb": "rgb(153,204,102)"
            },
            {
                "fontColor": "black",
                "name": "darkkhaki",
                "hex": "#CCCC66",
                "rgb": "rgb(204,204,102)"
            },
            {
                "fontColor": "black",
                "name": "sandybrown",
                "hex": "#FFCC66",
                "rgb": "rgb(255,204,102)"
            },
            {
                "fontColor": "black",
                "name": "mediumspringgreen",
                "hex": "#00CC99",
                "rgb": "rgb(0,204,153)"
            },
            {
                "fontColor": "black",
                "name": "mediumaquamarine",
                "hex": "#33CC99",
                "rgb": "rgb(51,204,153)"
            },
            {
                "fontColor": "black",
                "name": "mediumaquamarine",
                "hex": "#66CC99",
                "rgb": "rgb(102,204,153)"
            },
            {
                "fontColor": "black",
                "name": "darkseagreen",
                "hex": "#99CC99",
                "rgb": "rgb(153,204,153)"
            },
            {
                "fontColor": "black",
                "name": "darkkhaki",
                "hex": "#CCCC99",
                "rgb": "rgb(204,204,153)"
            },
            {
                "fontColor": "black",
                "name": "navajowhite",
                "hex": "#FFCC99",
                "rgb": "rgb(255,204,153)"
            },
            {
                "fontColor": "black",
                "name": "darkturquoise",
                "hex": "#00CCCC",
                "rgb": "rgb(0,204,204)"
            },
            {
                "fontColor": "black",
                "name": "mediumturquoise",
                "hex": "#33CCCC",
                "rgb": "rgb(51,204,204)"
            },
            {
                "fontColor": "black",
                "name": "mediumturquoise",
                "hex": "#66CCCC",
                "rgb": "rgb(102,204,204)"
            },
            {
                "fontColor": "black",
                "name": "powderblue",
                "hex": "#99CCCC",
                "rgb": "rgb(153,204,204)"
            },
            {
                "fontColor": "black",
                "name": "lightgray",
                "hex": "#CCCCCC",
                "rgb": "rgb(204,204,204)"
            },
            {
                "fontColor": "black",
                "name": "mistyrose",
                "hex": "#FFCCCC",
                "rgb": "rgb(255,204,204)"
            },
            {
                "fontColor": "black",
                "name": "deepskyblue",
                "hex": "#00CCFF",
                "rgb": "rgb(0,204,255)"
            },
            {
                "fontColor": "black",
                "name": "deepskyblue",
                "hex": "#33CCFF",
                "rgb": "rgb(51,204,255)"
            },
            {
                "fontColor": "black",
                "name": "lightskyblue",
                "hex": "#66CCFF",
                "rgb": "rgb(102,204,255)"
            },
            {
                "fontColor": "black",
                "name": "lightskyblue",
                "hex": "#99CCFF",
                "rgb": "rgb(153,204,255)"
            },
            {
                "fontColor": "black",
                "name": "ghostwhite",
                "hex": "#CCCCFF",
                "rgb": "rgb(204,204,255)"
            },
            {
                "fontColor": "black",
                "name": "violet",
                "hex": "#FFCCFF",
                "rgb": "rgb(255,204,255)"
            },
            {
                "fontColor": "black",
                "name": "lime",
                "hex": "#00FF00",
                "rgb": "rgb(0,255,0)"
            },
            {
                "fontColor": "black",
                "name": "lime",
                "hex": "#33FF00",
                "rgb": "rgb(51,255,0)"
            },
            {
                "fontColor": "black",
                "name": "chartreuse",
                "hex": "#66FF00",
                "rgb": "rgb(102,255,0)"
            },
            {
                "fontColor": "black",
                "name": "chartreuse",
                "hex": "#99FF00",
                "rgb": "rgb(153,255,0)"
            },
            {
                "fontColor": "black",
                "name": "yellow",
                "hex": "#CCFF00",
                "rgb": "rgb(204,255,0)"
            },
            {
                "fontColor": "black",
                "name": "yellow",
                "hex": "#FFFF00",
                "rgb": "rgb(255,255,0)"
            },
            {
                "fontColor": "black",
                "name": "lime",
                "hex": "#00FF33",
                "rgb": "rgb(0,255,51)"
            },
            {
                "fontColor": "black",
                "name": "lime",
                "hex": "#33FF33",
                "rgb": "rgb(51,255,51)"
            },
            {
                "fontColor": "black",
                "name": "chartreuse",
                "hex": "#66FF33",
                "rgb": "rgb(102,255,51)"
            },
            {
                "fontColor": "black",
                "name": "greenyellow",
                "hex": "#99FF33",
                "rgb": "rgb(153,255,51)"
            },
            {
                "fontColor": "black",
                "name": "greenyellow",
                "hex": "#CCFF33",
                "rgb": "rgb(204,255,51)"
            },
            {
                "fontColor": "black",
                "name": "yellow",
                "hex": "#FFFF33",
                "rgb": "rgb(255,255,51)"
            },
            {
                "fontColor": "black",
                "name": "springgreen",
                "hex": "#00FF66",
                "rgb": "rgb(0,255,102)"
            },
            {
                "fontColor": "black",
                "name": "lime",
                "hex": "#33FF66",
                "rgb": "rgb(51,255,102)"
            },
            {
                "fontColor": "black",
                "name": "palegreen",
                "hex": "#66FF66",
                "rgb": "rgb(102,255,102)"
            },
            {
                "fontColor": "black",
                "name": "greenyellow",
                "hex": "#99FF66",
                "rgb": "rgb(153,255,102)"
            },
            {
                "fontColor": "black",
                "name": "greenyellow",
                "hex": "#CCFF66",
                "rgb": "rgb(204,255,102)"
            },
            {
                "fontColor": "black",
                "name": "khaki",
                "hex": "#FFFF66",
                "rgb": "rgb(255,255,102)"
            },
            {
                "fontColor": "black",
                "name": "mediumspringgreen",
                "hex": "#00FF99",
                "rgb": "rgb(0,255,153)"
            },
            {
                "fontColor": "black",
                "name": "springgreen",
                "hex": "#33FF99",
                "rgb": "rgb(51,255,153)"
            },
            {
                "fontColor": "black",
                "name": "aquamarine",
                "hex": "#66FF99",
                "rgb": "rgb(102,255,153)"
            },
            {
                "fontColor": "black",
                "name": "palegreen",
                "hex": "#99FF99",
                "rgb": "rgb(153,255,153)"
            },
            {
                "fontColor": "black",
                "name": "greenyellow",
                "hex": "#CCFF99",
                "rgb": "rgb(204,255,153)"
            },
            {
                "fontColor": "black",
                "name": "lemonchiffon",
                "hex": "#FFFF99",
                "rgb": "rgb(255,255,153)"
            },
            {
                "fontColor": "black",
                "name": "mediumspringgreen",
                "hex": "#00FFCC",
                "rgb": "rgb(0,255,204)"
            },
            {
                "fontColor": "black",
                "name": "mediumspringgreen",
                "hex": "#33FFCC",
                "rgb": "rgb(51,255,204)"
            },
            {
                "fontColor": "black",
                "name": "aquamarine",
                "hex": "#66FFCC",
                "rgb": "rgb(102,255,204)"
            },
            {
                "fontColor": "black",
                "name": "aquamarine",
                "hex": "#99FFCC",
                "rgb": "rgb(153,255,204)"
            },
            {
                "fontColor": "black",
                "name": "honeydew",
                "hex": "#CCFFCC",
                "rgb": "rgb(204,255,204)"
            },
            {
                "fontColor": "black",
                "name": "lightyellow",
                "hex": "#FFFFCC",
                "rgb": "rgb(255,255,204)"
            },
            {
                "fontColor": "black",
                "name": "aqua",
                "hex": "#00FFFF",
                "rgb": "rgb(0,255,255)"
            },
            {
                "fontColor": "black",
                "name": "aqua",
                "hex": "#33FFFF",
                "rgb": "rgb(51,255,255)"
            },
            {
                "fontColor": "black",
                "name": "aquamarine",
                "hex": "#66FFFF",
                "rgb": "rgb(102,255,255)"
            },
            {
                "fontColor": "black",
                "name": "lightcyan",
                "hex": "#99FFFF",
                "rgb": "rgb(153,255,255)"
            },
            {
                "fontColor": "black",
                "name": "lightcyan",
                "hex": "#CCFFFF",
                "rgb": "rgb(204,255,255)"
            },
            {
                "fontColor": "black",
                "name": "white",
                "hex": "#FFFFFF",
                "rgb": "rgb(255,255,255)"
            }
        ]
    }
]