{
    "version": "3.0.0",
    "themes": [
        {
            "name": "Amelia",
            "description": "Sweet and cheery",
            "thumbnail": "http://bootswatch.com/amelia/thumbnail.png",
            "preview": "http://bootswatch.com/amelia/",
            "css": "http://bootswatch.com/amelia/bootstrap.css",
            "cssMin": "http://bootswatch.com/amelia/bootstrap.min.css",
            "cssCdn": "//netdna.bootstrapcdn.com/bootswatch/latest/amelia/bootstrap.min.css",
            "less": "bootswatch/amelia/bootswatch.less",
            "lessVariables": "bootswatch/amelia/variables.less"
        },
        {
            "name": "Cerulean",
            "description": "A calm blue sky",
            "thumbnail": "http://bootswatch.com/cerulean/thumbnail.png",
            "preview": "http://bootswatch.com/cerulean/",
            "css": "http://bootswatch.com/cerulean/bootstrap.css",
            "cssMin": "http://bootswatch.com/cerulean/bootstrap.min.css",
            "cssCdn": "//netdna.bootstrapcdn.com/bootswatch/latest/cerulean/bootstrap.min.css",
            "less": "bootswatch/cerulean/bootswatch.less",
            "lessVariables": "bootswatch/cerulean/variables.less"
        },
        {
            "name": "Cosmo",
            "description": "An ode to Metro",
            "thumbnail": "http://bootswatch.com/cosmo/thumbnail.png",
            "preview": "http://bootswatch.com/cosmo/",
            "css": "http://bootswatch.com/cosmo/bootstrap.css",
            "cssMin": "http://bootswatch.com/cosmo/bootstrap.min.css",
            "cssCdn": "//netdna.bootstrapcdn.com/bootswatch/latest/cosmo/bootstrap.min.css",
            "less": "bootswatch/cosmo/bootswatch.less",
            "lessVariables": "bootswatch/cosmo/variables.less"
        },
        {
            "name": "Cyborg",
            "description": "Jet black and electric blue",
            "thumbnail": "http://bootswatch.com/cyborg/thumbnail.png",
            "preview": "http://bootswatch.com/cyborg/",
            "css": "http://bootswatch.com/cyborg/bootstrap.css",
            "cssMin": "http://bootswatch.com/cyborg/bootstrap.min.css",
            "cssCdn": "//netdna.bootstrapcdn.com/bootswatch/latest/cyborg/bootstrap.min.css",
            "less": "bootswatch/cyborg/bootswatch.less",
            "lessVariables": "bootswatch/cyborg/variables.less"
        },
        {
            "name": "Flatly",
            "description": "Flat and modern",
            "thumbnail": "http://bootswatch.com/flatly/thumbnail.png",
            "preview": "http://bootswatch.com/flatly/",
            "css": "http://bootswatch.com/flatly/bootstrap.css",
            "cssMin": "http://bootswatch.com/flatly/bootstrap.min.css",
            "cssCdn": "//netdna.bootstrapcdn.com/bootswatch/latest/flatly/bootstrap.min.css",
            "less": "bootswatch/flatly/bootswatch.less",
            "lessVariables": "bootswatch/flatly/variables.less"
        },
        {
            "name": "Journal",
            "description": "Crisp like a new sheet of paper.",
            "thumbnail": "http://bootswatch.com/journal/thumbnail.png",
            "preview": "http://bootswatch.com/journal/",
            "css": "http://bootswatch.com/journal/bootstrap.css",
            "cssMin": "http://bootswatch.com/journal/bootstrap.min.css",
            "cssCdn": "//netdna.bootstrapcdn.com/bootswatch/latest/journal/bootstrap.min.css",
            "less": "bootswatch/journal/bootswatch.less",
            "lessVariables": "bootswatch/journal/variables.less"
        },
        {
            "name": "Readable",
            "description": "Optimized for legibility",
            "thumbnail": "http://bootswatch.com/readable/thumbnail.png",
            "preview": "http://bootswatch.com/readable/",
            "css": "http://bootswatch.com/readable/bootstrap.css",
            "cssMin": "http://bootswatch.com/readable/bootstrap.min.css",
            "cssCdn": "//netdna.bootstrapcdn.com/bootswatch/latest/readable/bootstrap.min.css",
            "less": "bootswatch/readable/bootswatch.less",
            "lessVariables": "bootswatch/readable/variables.less"
        },
        {
            "name": "Simplex",
            "description": "Mini and minimalist.",
            "thumbnail": "http://bootswatch.com/simplex/thumbnail.png",
            "preview": "http://bootswatch.com/simplex/",
            "css": "http://bootswatch.com/simplex/bootstrap.css",
            "cssMin": "http://bootswatch.com/simplex/bootstrap.min.css",
            "cssCdn": "//netdna.bootstrapcdn.com/bootswatch/latest/simplex/bootstrap.min.css",
            "less": "bootswatch/simplex/bootswatch.less",
            "lessVariables": "bootswatch/simplex/variables.less"
        },
        {
            "name": "Slate",
            "description": "Shades of gunmetal gray",
            "thumbnail": "http://bootswatch.com/slate/thumbnail.png",
            "preview": "http://bootswatch.com/slate/",
            "css": "http://bootswatch.com/slate/bootstrap.css",
            "cssMin": "http://bootswatch.com/slate/bootstrap.min.css",
            "cssCdn": "//netdna.bootstrapcdn.com/bootswatch/latest/slate/bootstrap.min.css",
            "less": "bootswatch/slate/bootswatch.less",
            "lessVariables": "bootswatch/slate/variables.less"
        },
        {
            "name": "Spacelab",
            "description": "Silvery and sleek.",
            "thumbnail": "http://bootswatch.com/spacelab/thumbnail.png",
            "preview": "http://bootswatch.com/spacelab/",
            "css": "http://bootswatch.com/spacelab/bootstrap.css",
            "cssMin": "http://bootswatch.com/spacelab/bootstrap.min.css",
            "cssCdn": "//netdna.bootstrapcdn.com/bootswatch/latest/spacelab/bootstrap.min.css",
            "less": "bootswatch/spacelab/bootswatch.less",
            "lessVariables": "bootswatch/spacelab/variables.less"
        },
        {
            "name": "United",
            "description": "Ubuntu orange and unique font",
            "thumbnail": "http://bootswatch.com/united/thumbnail.png",
            "preview": "http://bootswatch.com/united/",
            "css": "http://bootswatch.com/united/bootstrap.css",
            "cssMin": "http://bootswatch.com/united/bootstrap.min.css",
            "cssCdn": "//netdna.bootstrapcdn.com/bootswatch/latest/united/bootstrap.min.css",
            "less": "bootswatch/united/bootswatch.less",
            "lessVariables": "bootswatch/united/variables.less"
        }
    ]
}