[
    {
        "groupName": "Pink colors",
        "colors": [
            {
                "fontColor": "black",
                "name": "Pink",
                "hex": "#FFC0CB",
                "rgb": "rgb(255,192,203)"
            },
            {
                "fontColor": "black",
                "name": "LightPink",
                "hex": "#FFB6C1",
                "rgb": "rgb(255,182,193)"
            },
            {
                "fontColor": "white",
                "name": "HotPink",
                "hex": "#FF69B4",
                "rgb": "rgb(255,105,180)"
            },
            {
                "fontColor": "white",
                "name": "DeepPink",
                "hex": "#FF1493",
                "rgb": "rgb(255,20,147)"
            },
            {
                "fontColor": "white",
                "name": "PaleVioletRed",
                "hex": "#DB7093",
                "rgb": "rgb(219,112,147)"
            },
            {
                "fontColor": "white",
                "name": "MediumVioletRed",
                "hex": "#C71585",
                "rgb": "rgb(199,21,133)"
            }
        ]
    },
    {
        "groupName": "Red colors",
        "colors": [
            {
                "fontColor": "black",
                "name": "LightSalmon",
                "hex": "#FFA07A",
                "rgb": "rgb(255,160,122)"
            },
            {
                "fontColor": "black",
                "name": "Salmon",
                "hex": "#FA8072",
                "rgb": "rgb(250,128,114)"
            },
            {
                "fontColor": "black",
                "name": "DarkSalmon",
                "hex": "#E9967A",
                "rgb": "rgb(233,150,122)"
            },
            {
                "fontColor": "black",
                "name": "LightCoral",
                "hex": "#F08080",
                "rgb": "rgb(240,128,128)"
            },
            {
                "fontColor": "white",
                "name": "IndianRed",
                "hex": "#CD5C5C",
                "rgb": "rgb(205,92,92)"
            },
            {
                "fontColor": "white",
                "name": "Crimson",
                "hex": "#DC143C",
                "rgb": "rgb(220,20,60)"
            },
            {
                "fontColor": "white",
                "name": "FireBrick",
                "hex": "#B22222",
                "rgb": "rgb(178,34,34)"
            },
            {
                "fontColor": "white",
                "name": "DarkRed",
                "hex": "#8B0000",
                "rgb": "rgb(139,0,0)"
            },
            {
                "fontColor": "white",
                "name": "Red",
                "hex": "#FF0000",
                "rgb": "rgb(255,0,0)"
            }
        ]
    },
    {
        "groupName": "Orange colors",
        "colors": [
            {
                "fontColor": "white",
                "name": "OrangeRed",
                "hex": "#FF4500",
                "rgb": "rgb(255,69,0)"
            },
            {
                "fontColor": "white",
                "name": "Tomato",
                "hex": "#FF6347",
                "rgb": "rgb(255,99,71)"
            },
            {
                "fontColor": "white",
                "name": "Coral",
                "hex": "#FF7F50",
                "rgb": "rgb(255,127,80)"
            },
            {
                "fontColor": "white",
                "name": "DarkOrange",
                "hex": "#FF8C00",
                "rgb": "rgb(255,140,0)"
            },
            {
                "fontColor": "white",
                "name": "Orange",
                "hex": "#FFA500",
                "rgb": "rgb(255,165,0)"
            },
            {
                "fontColor": "black",
                "name": "Gold",
                "hex": "#FFD700",
                "rgb": "rgb(255,215,0)"
            }
        ]
    },
    {
        "groupName": "Yellow colors",
        "colors": [
            {
                "fontColor": "black",
                "name": "Yellow",
                "hex": "#FFFF00",
                "rgb": "rgb(255,255,0)"
            },
            {
                "fontColor": "black",
                "name": "LightYellow",
                "hex": "#FFFFE0",
                "rgb": "rgb(255,255,224)"
            },
            {
                "fontColor": "black",
                "name": "LemonChiffon",
                "hex": "#FFFACD",
                "rgb": "rgb(255,250,205)"
            },
            {
                "fontColor": "black",
                "name": "LightGoldenrodYellow",
                "hex": "#FAFAD2",
                "rgb": "rgb(250,250,210)"
            },
            {
                "fontColor": "black",
                "name": "PapayaWhip",
                "hex": "#FFEFD5",
                "rgb": "rgb(255,239,213)"
            },
            {
                "fontColor": "black",
                "name": "Moccasin",
                "hex": "#FFE4B5",
                "rgb": "rgb(255,228,181)"
            },
            {
                "fontColor": "black",
                "name": "PeachPuff",
                "hex": "#FFDAB9",
                "rgb": "rgb(255,218,185)"
            },
            {
                "fontColor": "black",
                "name": "PaleGoldenrod",
                "hex": "#EEE8AA",
                "rgb": "rgb(238,232,170)"
            },
            {
                "fontColor": "black",
                "name": "Khaki",
                "hex": "#F0E68C",
                "rgb": "rgb(240,230,140)"
            },
            {
                "fontColor": "black",
                "name": "DarkKhaki",
                "hex": "#BDB76B",
                "rgb": "rgb(189,183,107)"
            }
        ]
    },
    {
        "groupName": "Brown colors",
        "colors": [
            {
                "fontColor": "black",
                "name": "Cornsilk",
                "hex": "#FFF8DC",
                "rgb": "rgb(255,248,220)"
            },
            {
                "fontColor": "black",
                "name": "BlanchedAlmond",
                "hex": "#FFEBCD",
                "rgb": "rgb(255,235,205)"
            },
            {
                "fontColor": "black",
                "name": "Bisque",
                "hex": "#FFE4C4",
                "rgb": "rgb(255,228,196)"
            },
            {
                "fontColor": "black",
                "name": "NavajoWhite",
                "hex": "#FFDEAD",
                "rgb": "rgb(255,222,173)"
            },
            {
                "fontColor": "black",
                "name": "Wheat",
                "hex": "#F5DEB3",
                "rgb": "rgb(245,222,179)"
            },
            {
                "fontColor": "black",
                "name": "BurlyWood",
                "hex": "#DEB887",
                "rgb": "rgb(222,184,135)"
            },
            {
                "fontColor": "black",
                "name": "Tan",
                "hex": "#D2B48C",
                "rgb": "rgb(210,180,140)"
            },
            {
                "fontColor": "black",
                "name": "RosyBrown",
                "hex": "#BC8F8F",
                "rgb": "rgb(188,143,143)"
            },
            {
                "fontColor": "black",
                "name": "SandyBrown",
                "hex": "#F4A460",
                "rgb": "rgb(244,164,96)"
            },
            {
                "fontColor": "black",
                "name": "Goldenrod",
                "hex": "#DAA520",
                "rgb": "rgb(218,165,32)"
            },
            {
                "fontColor": "white",
                "name": "DarkGoldenrod",
                "hex": "#B8860B",
                "rgb": "rgb(184,134,11)"
            },
            {
                "fontColor": "white",
                "name": "Peru",
                "hex": "#CD853F",
                "rgb": "rgb(205,133,63)"
            },
            {
                "fontColor": "white",
                "name": "Chocolate",
                "hex": "#D2691E",
                "rgb": "rgb(210,105,30)"
            },
            {
                "fontColor": "white",
                "name": "SaddleBrown",
                "hex": "#8B4513",
                "rgb": "rgb(139,69,19)"
            },
            {
                "fontColor": "white",
                "name": "Sienna",
                "hex": "#A0522D",
                "rgb": "rgb(160,82,45)"
            },
            {
                "fontColor": "white",
                "name": "Brown",
                "hex": "#A52A2A",
                "rgb": "rgb(165,42,42)"
            },
            {
                "fontColor": "white",
                "name": "Maroon",
                "hex": "#800000",
                "rgb": "rgb(128,0,0)"
            }
        ]
    },
    {
        "groupName": "Green colors",
        "colors": [
            {
                "fontColor": "white",
                "name": "DarkOliveGreen",
                "hex": "#556B2F",
                "rgb": "rgb(85,107,47)"
            },
            {
                "fontColor": "white",
                "name": "Olive",
                "hex": "#808000",
                "rgb": "rgb(128,128,0)"
            },
            {
                "fontColor": "white",
                "name": "OliveDrab",
                "hex": "#6B8E23",
                "rgb": "rgb(107,142,35)"
            },
            {
                "fontColor": "black",
                "name": "YellowGreen",
                "hex": "#9ACD32",
                "rgb": "rgb(154,205,50)"
            },
            {
                "fontColor": "black",
                "name": "LimeGreen",
                "hex": "#32CD32",
                "rgb": "rgb(50,205,50)"
            },
            {
                "fontColor": "black",
                "name": "Lime",
                "hex": "#00FF00",
                "rgb": "rgb(0,255,0)"
            },
            {
                "fontColor": "black",
                "name": "LawnGreen",
                "hex": "#7CFC00",
                "rgb": "rgb(124,252,0)"
            },
            {
                "fontColor": "black",
                "name": "Chartreuse",
                "hex": "#7FFF00",
                "rgb": "rgb(127,255,0)"
            },
            {
                "fontColor": "black",
                "name": "GreenYellow",
                "hex": "#ADFF2F",
                "rgb": "rgb(173,255,47)"
            },
            {
                "fontColor": "black",
                "name": "SpringGreen",
                "hex": "#00FF7F",
                "rgb": "rgb(0,255,127)"
            },
            {
                "fontColor": "black",
                "name": "MediumSpringGreen",
                "hex": "#00FA9A",
                "rgb": "rgb(0,250,154)"
            },
            {
                "fontColor": "black",
                "name": "LightGreen",
                "hex": "#90EE90",
                "rgb": "rgb(144,238,144)"
            },
            {
                "fontColor": "black",
                "name": "PaleGreen",
                "hex": "#98FB98",
                "rgb": "rgb(152,251,152)"
            },
            {
                "fontColor": "black",
                "name": "DarkSeaGreen",
                "hex": "#8FBC8F",
                "rgb": "rgb(143,188,143)"
            },
            {
                "fontColor": "white",
                "name": "MediumSeaGreen",
                "hex": "#3CB371",
                "rgb": "rgb(60,179,113)"
            },
            {
                "fontColor": "white",
                "name": "SeaGreen",
                "hex": "#2E8B57",
                "rgb": "rgb(46,139,87)"
            },
            {
                "fontColor": "white",
                "name": "ForestGreen",
                "hex": "#228B22",
                "rgb": "rgb(34,139,34)"
            },
            {
                "fontColor": "white",
                "name": "Green",
                "hex": "#008000",
                "rgb": "rgb(0,128,0)"
            },
            {
                "fontColor": "white",
                "name": "DarkGreen",
                "hex": "#006400",
                "rgb": "rgb(0,100,0)"
            }
        ]
    },
    {
        "groupName": "Cyan colors",
        "colors": [
            {
                "fontColor": "black",
                "name": "MediumAquamarine",
                "hex": "#66CDAA",
                "rgb": "rgb(102,205,170)"
            },
            {
                "fontColor": "black",
                "name": "Aqua",
                "hex": "#00FFFF",
                "rgb": "rgb(0,255,255)"
            },
            {
                "fontColor": "black",
                "name": "Cyan",
                "hex": "#00FFFF",
                "rgb": "rgb(0,255,255)"
            },
            {
                "fontColor": "black",
                "name": "LightCyan",
                "hex": "#E0FFFF",
                "rgb": "rgb(224,255,255)"
            },
            {
                "fontColor": "black",
                "name": "PaleTurquoise",
                "hex": "#AFEEEE",
                "rgb": "rgb(175,238,238)"
            },
            {
                "fontColor": "black",
                "name": "Aquamarine",
                "hex": "#7FFFD4",
                "rgb": "rgb(127,255,212)"
            },
            {
                "fontColor": "black",
                "name": "Turquoise",
                "hex": "#40E0D0",
                "rgb": "rgb(64,224,208)"
            },
            {
                "fontColor": "black",
                "name": "MediumTurquoise",
                "hex": "#48D1CC",
                "rgb": "rgb(72,209,204)"
            },
            {
                "fontColor": "white",
                "name": "DarkTurquoise",
                "hex": "#00CED1",
                "rgb": "rgb(0,206,209)"
            },
            {
                "fontColor": "white",
                "name": "LightSeaGreen",
                "hex": "#20B2AA",
                "rgb": "rgb(32,178,170)"
            },
            {
                "fontColor": "white",
                "name": "CadetBlue",
                "hex": "#5F9EA0",
                "rgb": "rgb(95,158,160)"
            },
            {
                "fontColor": "white",
                "name": "DarkCyan",
                "hex": "#008B8B",
                "rgb": "rgb(0,139,139)"
            },
            {
                "fontColor": "white",
                "name": "Teal",
                "hex": "#008080",
                "rgb": "rgb(0,128,128)"
            }
        ]
    },
    {
        "groupName": "Blue colors",
        "colors": [
            {
                "fontColor": "black",
                "name": "LightSteelBlue",
                "hex": "#B0C4DE",
                "rgb": "rgb(176,196,222)"
            },
            {
                "fontColor": "black",
                "name": "PowderBlue",
                "hex": "#B0E0E6",
                "rgb": "rgb(176,224,230)"
            },
            {
                "fontColor": "black",
                "name": "LightBlue",
                "hex": "#ADD8E6",
                "rgb": "rgb(173,216,230)"
            },
            {
                "fontColor": "black",
                "name": "SkyBlue",
                "hex": "#87CEEB",
                "rgb": "rgb(135,206,235)"
            },
            {
                "fontColor": "black",
                "name": "LightSkyBlue",
                "hex": "#87CEFA",
                "rgb": "rgb(135,206,250)"
            },
            {
                "fontColor": "white",
                "name": "DeepSkyBlue",
                "hex": "#00BFFF",
                "rgb": "rgb(0,191,255)"
            },
            {
                "fontColor": "white",
                "name": "DodgerBlue",
                "hex": "#1E90FF",
                "rgb": "rgb(30,144,255)"
            },
            {
                "fontColor": "white",
                "name": "CornflowerBlue",
                "hex": "#6495ED",
                "rgb": "rgb(100,149,237)"
            },
            {
                "fontColor": "white",
                "name": "SteelBlue",
                "hex": "#4682B4",
                "rgb": "rgb(70,130,180)"
            },
            {
                "fontColor": "white",
                "name": "RoyalBlue",
                "hex": "#4169E1",
                "rgb": "rgb(65,105,225)"
            },
            {
                "fontColor": "white",
                "name": "Blue",
                "hex": "#0000FF",
                "rgb": "rgb(0,0,255)"
            },
            {
                "fontColor": "white",
                "name": "MediumBlue",
                "hex": "#0000CD",
                "rgb": "rgb(0,0,205)"
            },
            {
                "fontColor": "white",
                "name": "DarkBlue",
                "hex": "#00008B",
                "rgb": "rgb(0,0,139)"
            },
            {
                "fontColor": "white",
                "name": "Navy",
                "hex": "#000080",
                "rgb": "rgb(0,0,128)"
            },
            {
                "fontColor": "white",
                "name": "MidnightBlue",
                "hex": "#191970",
                "rgb": "rgb(25,25,112)"
            }
        ]
    },
    {
        "groupName": "Purple colors",
        "colors": [
            {
                "fontColor": "black",
                "name": "Lavender",
                "hex": "#E6E6FA",
                "rgb": "rgb(230,230,250)"
            },
            {
                "fontColor": "black",
                "name": "Thistle",
                "hex": "#D8BFD8",
                "rgb": "rgb(216,191,216)"
            },
            {
                "fontColor": "black",
                "name": "Plum",
                "hex": "#DDA0DD",
                "rgb": "rgb(221,160,221)"
            },
            {
                "fontColor": "black",
                "name": "Violet",
                "hex": "#EE82EE",
                "rgb": "rgb(238,130,238)"
            },
            {
                "fontColor": "black",
                "name": "Orchid",
                "hex": "#DA70D6",
                "rgb": "rgb(218,112,214)"
            },
            {
                "fontColor": "white",
                "name": "Fuchsia",
                "hex": "#FF00FF",
                "rgb": "rgb(255,0,255)"
            },
            {
                "fontColor": "white",
                "name": "Magenta",
                "hex": "#FF00FF",
                "rgb": "rgb(255,0,255)"
            },
            {
                "fontColor": "white",
                "name": "MediumOrchid",
                "hex": "#BA55D3",
                "rgb": "rgb(186,85,211)"
            },
            {
                "fontColor": "white",
                "name": "MediumPurple",
                "hex": "#9370DB",
                "rgb": "rgb(147,112,219)"
            },
            {
                "fontColor": "white",
                "name": "BlueViolet",
                "hex": "#8A2BE2",
                "rgb": "rgb(138,43,226)"
            },
            {
                "fontColor": "white",
                "name": "DarkViolet",
                "hex": "#9400D3",
                "rgb": "rgb(148,0,211)"
            },
            {
                "fontColor": "white",
                "name": "DarkOrchid",
                "hex": "#9932CC",
                "rgb": "rgb(153,50,204)"
            },
            {
                "fontColor": "white",
                "name": "DarkMagenta",
                "hex": "#8B008B",
                "rgb": "rgb(139,0,139)"
            },
            {
                "fontColor": "white",
                "name": "Purple",
                "hex": "#800080",
                "rgb": "rgb(128,0,128)"
            },
            {
                "fontColor": "white",
                "name": "Indigo",
                "hex": "#4B0082",
                "rgb": "rgb(75,0,130)"
            },
            {
                "fontColor": "white",
                "name": "DarkSlateBlue",
                "hex": "#483D8B",
                "rgb": "rgb(72,61,139)"
            },
            {
                "fontColor": "white",
                "name": "SlateBlue",
                "hex": "#6A5ACD",
                "rgb": "rgb(106,90,205)"
            },
            {
                "fontColor": "white",
                "name": "MediumSlateBlue",
                "hex": "#7B68EE",
                "rgb": "rgb(123,104,238)"
            }
        ]
    },
    {
        "groupName": "White colors",
        "colors": [
            {
                "fontColor": "black",
                "name": "White",
                "hex": "#FFFFFF",
                "rgb": "rgb(255,255,255)"
            },
            {
                "fontColor": "black",
                "name": "Snow",
                "hex": "#FFFAFA",
                "rgb": "rgb(255,250,250)"
            },
            {
                "fontColor": "black",
                "name": "Honeydew",
                "hex": "#F0FFF0",
                "rgb": "rgb(240,255,240)"
            },
            {
                "fontColor": "black",
                "name": "MintCream",
                "hex": "#F5FFFA",
                "rgb": "rgb(245,255,250)"
            },
            {
                "fontColor": "black",
                "name": "Azure",
                "hex": "#F0FFFF",
                "rgb": "rgb(240,255,255)"
            },
            {
                "fontColor": "black",
                "name": "AliceBlue",
                "hex": "#F0F8FF",
                "rgb": "rgb(240,248,255)"
            },
            {
                "fontColor": "black",
                "name": "GhostWhite",
                "hex": "#F8F8FF",
                "rgb": "rgb(248,248,255)"
            },
            {
                "fontColor": "black",
                "name": "WhiteSmoke",
                "hex": "#F5F5F5",
                "rgb": "rgb(245,245,245)"
            },
            {
                "fontColor": "black",
                "name": "Seashell",
                "hex": "#FFF5EE",
                "rgb": "rgb(255,245,238)"
            },
            {
                "fontColor": "black",
                "name": "Beige",
                "hex": "#F5F5DC",
                "rgb": "rgb(245,245,220)"
            },
            {
                "fontColor": "black",
                "name": "OldLace",
                "hex": "#FDF5E6",
                "rgb": "rgb(253,245,230)"
            },
            {
                "fontColor": "black",
                "name": "FloralWhite",
                "hex": "#FFFAF0",
                "rgb": "rgb(255,250,240)"
            },
            {
                "fontColor": "black",
                "name": "Ivory",
                "hex": "#FFFFF0",
                "rgb": "rgb(255,255,240)"
            },
            {
                "fontColor": "black",
                "name": "AntiqueWhite",
                "hex": "#FAEBD7",
                "rgb": "rgb(250,235,215)"
            },
            {
                "fontColor": "black",
                "name": "Linen",
                "hex": "#FAF0E6",
                "rgb": "rgb(250,240,230)"
            },
            {
                "fontColor": "black",
                "name": "LavenderBlush",
                "hex": "#FFF0F5",
                "rgb": "rgb(255,240,245)"
            },
            {
                "fontColor": "black",
                "name": "MistyRose",
                "hex": "#FFE4E1",
                "rgb": "rgb(255,228,225)"
            }
        ]
    },
    {
        "groupName": "Gray/Grey/Black colors",
        "colors": [
            {
                "fontColor": "black",
                "name": "Gainsboro",
                "hex": "#DCDCDC",
                "rgb": "rgb(220,220,220)"
            },
            {
                "fontColor": "black",
                "name": "LightGray",
                "hex": "#D3D3D3",
                "rgb": "rgb(211,211,211)"
            },
            {
                "fontColor": "black",
                "name": "Silver",
                "hex": "#C0C0C0",
                "rgb": "rgb(192,192,192)"
            },
            {
                "fontColor": "black",
                "name": "DarkGray",
                "hex": "#A9A9A9",
                "rgb": "rgb(169,169,169)"
            },
            {
                "fontColor": "black",
                "name": "Gray",
                "hex": "#808080",
                "rgb": "rgb(128,128,128)"
            },
            {
                "fontColor": "white",
                "name": "DimGray",
                "hex": "#696969",
                "rgb": "rgb(105,105,105)"
            },
            {
                "fontColor": "white",
                "name": "LightSlateGray",
                "hex": "#778899",
                "rgb": "rgb(119,136,153)"
            },
            {
                "fontColor": "white",
                "name": "SlateGray",
                "hex": "#708090",
                "rgb": "rgb(112,128,144)"
            },
            {
                "fontColor": "white",
                "name": "DarkSlateGray",
                "hex": "#2F4F4F",
                "rgb": "rgb(47,79,79)"
            },
            {
                "fontColor": "white",
                "name": "Black",
                "hex": "#000000",
                "rgb": "rgb(0,0,0)"
            }
        ]
    }
]
